TICKER,DATE,OPEN,HIGH,LOW,CLOSE,VOLUME,LABEL
GEF,1/2/13,45.38,46.54,45.16,46.41,184900,True
GEF,1/3/13,46.43,46.52,46.14,46.48,131300,False
GEF,1/4/13,46.31,47.6198,46.23,47.37,248000,True
GF,6/23/14,19.05,19.05,18.95,18.95,34300,False
GF,6/24/14,18.91,18.95,18.83,18.83,35200,False
GF,6/25/14,18.66,18.72,18.59,18.6,171700,False
GF,6/26/14,18.52,18.5901,18.42,18.53,60000,False
GF,6/27/14,18.63,18.63,18.51,18.61,28400,False
GF,6/30/14,18.68,18.8,18.57,18.6701,39800,False
GF,7/1/14,18.68,18.92,18.68,18.87,15200,False
GF,7/2/14,18.74,18.81,18.7201,18.78,20100,False
GF,7/3/14,18.86,18.999,18.86,18.9,9900,False
GF,7/7/14,18.74,18.8299,18.74,18.792,27300,False
GF,7/8/14,18.65,18.69,18.4985,18.51,25400,False
GF,7/9/14,18.56,18.68,18.56,18.67,12600,False
GF,7/10/14,18.31,18.45,18.3,18.4,29400,False
GF,7/11/14,18.26,18.3538,18.25,18.31,22300,False
GF,7/14/14,18.52,18.5799,18.46,18.46,26900,False
GF,7/15/14,18.46,18.48,18.33,18.39,26700,False
GF,7/16/14,18.47,18.47,18.34,18.36,37100,False
GF,7/17/14,18.19,18.309,18.11,18.11,17500,False
GF,7/18/14,18.27,18.27,18.11,18.17,30400,False
GF,7/21/14,17.99,17.99,17.88,17.91,29800,False
GF,7/22/14,18.01,18.01,17.94,17.98,19400,False
GF,7/23/14,18.02,18.14,18.02,18.11,9900,False
GF,7/24/14,18.14,18.14,18.07,18.13,24600,False
GF,7/25/14,18.03,18.08,18,18,12900,False
GF,7/28/14,17.91,17.93,17.78,17.78,14000,False
GF,7/29/14,17.5,17.57,17.42,17.54,18200,False
GF,7/30/14,17.69,17.75,17.68,17.69,22100,False
GF,7/31/14,17.49,17.49,17.27,17.27,19400,False
GF,8/1/14,17.12,17.12,16.86,16.89,55100,False
GF,8/4/14,16.9,16.95,16.7799,16.83,59300,False
GF,8/5/14,16.8,16.8,16.61,16.7,53700,False
GF,8/6/14,16.54,16.7699,16.54,16.73,48400,False
GF,8/7/14,16.75,16.75,16.52,16.56,23000,False
GF,8/8/14,16.62,16.82,16.61,16.78,45700,False
GF,8/11/14,16.88,16.982,16.85,16.86,23400,False
GF,8/12/14,16.93,16.93,16.85,16.86,57800,False
GF,8/13/14,16.95,17.1,16.95,17.03,142100,False
GF,8/14/14,17.02,17.23,17.02,17.09,38300,False
GF,8/15/14,17.34,17.46,17.09,17.13,72400,False
GF,8/18/14,17.16,17.32,17.16,17.3101,35500,False
GF,8/19/14,17.4,17.62,17.4,17.56,124000,False
GF,8/20/14,17.5,17.57,17.42,17.54,55600,False
GF,8/21/14,17.5575,17.64,17.553,17.61,28000,False
GF,8/22/14,17.52,17.54,17.49,17.53,40600,False
GF,8/25/14,17.61,17.68,17.56,17.58,32900,False
GF,8/26/14,17.62,17.74,17.62,17.69,22800,False
GF,8/27/14,17.66,17.7,17.65,17.667,14600,False
GF,8/28/14,17.55,17.57,17.49,17.57,46300,False
GF,8/29/14,17.5,17.5896,17.49,17.54,57300,False
GF,9/2/14,17.56,17.5844,17.5,17.55,59200,False
GF,9/3/14,17.75,17.7899,17.64,17.73,116700,False
GF,9/4/14,17.64,17.75,17.624,17.71,141400,False
GF,9/5/14,17.72,17.75,17.69,17.72,42100,False
GF,9/8/14,17.7,17.7,17.5,17.524,43400,False
GF,9/9/14,17.53,17.58,17.5,17.5799,22700,False
GF,9/10/14,17.51,17.66,17.51,17.66,97100,False
GF,9/11/14,17.63,17.63,17.5401,17.5601,30300,False
GF,9/12/14,17.55,17.64,17.51,17.55,58800,False
GF,9/15/14,17.61,17.74,17.5101,17.53,21700,False
GF,9/16/14,17.49,17.49,17.4,17.48,43900,False
GF,9/17/14,17.48,17.4883,17.4,17.45,17400,False
GF,9/18/14,17.56,17.6,17.5407,17.59,78400,False
GF,9/19/14,17.56,17.56,17.48,17.51,57100,False
GF,9/22/14,17.54,17.6299,17.42,17.46,23085,False
GF,9/23/14,17.36,17.36,17.27,17.29,40932,False
GF,9/24/14,17.25,17.28,17.14,17.23,24007,False
GF,9/25/14,17.09,17.15,16.81,16.81,50159,False
GF,9/26/14,16.98,16.98,16.803,16.89,30722,False
GF,9/29/14,16.76,16.77,16.657,16.7,22069,False
GF,9/30/14,16.64,16.73,16.64,16.7,38909,False
GF,10/1/14,16.63,16.64,16.55,16.59,38108,False
GF,10/2/14,16.54,16.6,16.46,16.53,50771,False
GF,10/3/14,16.45,16.45,16.3832,16.41,11214,False
GF,10/6/14,16.47,16.572,16.36,16.4,33059,False
GF,10/7/14,16.36,16.48,16.32,16.32,34556,False
GF,10/8/14,16.29,16.29,16.05,16.29,37353,False
GF,10/9/14,16.16,16.16,15.8,15.8,54663,False
GF,10/10/14,15.78,15.8446,15.46,15.61,46687,False
GF,10/13/14,15.76,15.83,15.25,15.25,48953,False
GF,10/14/14,15.41,15.41,15.18,15.29,58932,False
GF,10/15/14,15.15,15.271,14.77,15.03,62409,False
GF,10/16/14,14.62,15.2967,14.62,15.12,25143,True
GF,10/17/14,15.34,15.55,15.34,15.49,18370,False
GF,10/20/14,15.45,15.763,15.45,15.71,40262,True
GF,10/21/14,15.76,15.99,15.65,15.97,22765,False
GF,10/22/14,16.03,16.1157,15.98,15.98,31026,False
GF,10/23/14,16.16,16.4399,16.16,16.4,16384,False
GF,10/24/14,16.34,16.37,16.2801,16.33,6148,False
GF,10/27/14,16.19,16.19,16.0201,16.1,10536,False
GF,10/28/14,16.26,16.47,16.26,16.33,23488,False
GF,10/29/14,16.5,16.56,16.36,16.37,23246,False
GF,10/30/14,16.22,16.46,16.17,16.4,12330,False
GF,10/31/14,16.55,16.82,16.525,16.68,29337,False
GF,11/3/14,16.48,16.54,16.36,16.48,55162,False
GF,11/4/14,16.46,16.534,16.38,16.41,34720,False
GF,11/5/14,16.49,16.66,16.49,16.57,18808,False
GF,11/6/14,16.53,16.67,16.52,16.53,8094,False
GF,11/7/14,16.5,16.62,16.3701,16.61,13212,False
GF,11/10/14,16.46,16.7,16.46,16.66,12301,False
GF,11/11/14,16.66,16.8566,16.66,16.77,23202,False
GF,11/12/14,16.5,16.85,16.5,16.8,41770,True
GF,11/13/14,16.68,16.95,16.68,16.88,50811,False
GF,11/14/14,16.79,16.95,16.68,16.9494,24978,False
GF,11/17/14,16.89,16.97,16.86,16.87,32959,False
GF,11/18/14,17.06,17.13,16.99,17.04,51982,False
GF,11/19/14,17.06,17.11,16.99,17.05,7675,False
GF,11/20/14,16.97,17.21,16.97,17.13,28138,False
GF,11/21/14,17.33,17.47,17.33,17.44,18100,False
GF,11/24/14,17.5,17.57,17.42,17.52,37763,False
GF,11/25/14,17.64,17.72,17.51,17.59,53322,False
GF,11/26/14,17.63,17.82,17.61,17.7,28027,False
GF,11/28/14,17.689,17.84,17.64,17.76,29358,False
GF,12/1/14,17.65,17.73,17.61,17.62,22944,False
GF,12/2/14,17.57,17.7,17.5163,17.67,5184,False
GF,12/3/14,17.59,17.62,17.443,17.56,22537,False
GF,12/4/14,17.54,17.62,17.5,17.55,34890,False
GF,12/5/14,17.58,17.8,17.58,17.79,15376,False
GF,12/8/14,17.69,17.69,17.51,17.64,14510,False
GF,12/9/14,17.45,17.71,17.45,17.64,21575,False
GF,12/10/14,17.65,17.92,17.391,17.53,43299,False
GF,12/11/14,17.44,17.609,17.44,17.56,50458,False
GF,12/12/14,17.34,17.34,17.1,17.11,15695,False
GF,12/15/14,17.24,17.24,16.92,16.94,10678,False
GF,12/16/14,16.26,17.02,15.95,16.91,88963,True
GF,12/17/14,16.81,17.17,16.81,16.99,19439,True
GF,12/18/14,17.16,17.29,17.0501,17.29,17466,False
GF,12/19/14,17.19,17.33,17.03,17.18,20872,False
GF,12/22/14,17.43,17.93,17.43,17.65,67141,True
GF,12/23/14,17.73,17.87,17.59,17.72,55062,False
GF,12/24/14,17.72,17.89,17.6714,17.87,21105,False
GF,12/26/14,17.87,18.31,17.87,18.14,155302,True
GF,12/29/14,14.45,14.45,14.23,14.27,100862,False
GF,12/30/14,14.12,14.18,14.01,14.03,41184,False
GF,12/31/14,14.03,14.05,13.9,14.036,40442,False
GF,1/2/15,13.94,14.06,13.8001,13.92,35263,False
GF,1/5/15,13.72,13.79,13.36,13.48,37210,False
GF,1/6/15,13.5,13.739,13.27,13.52,76376,False
GF,1/7/15,13.55,13.7,13.44,13.61,35506,False
GF,1/8/15,13.75,13.8,13.65,13.79,32155,False
GF,1/9/15,13.88,14.23,13.73,13.86,68492,True
GF,1/12/15,14,14.03,13.86,13.86,2965,False
GF,1/13/15,13.96,14.1,13.9499,13.96,19058,False
GF,1/14/15,13.92,14.0999,13.81,13.92,17516,False
GF,1/15/15,14.07,14.07,13.91,13.95,15810,False
GF,1/16/15,13.89,14.13,13.83,14.1199,8492,False
GF,1/20/15,14.18,14.18,13.76,13.94,28638,False
GF,1/21/15,13.91,14.21,13.91,14.18,44453,True
GF,1/22/15,14.14,14.3199,14.02,14.25,60377,False
GF,1/23/15,14.25,14.2999,13.92,14.13,29987,False
GF,1/26/15,14.07,14.35,14.07,14.23,46836,False
GF,1/27/15,14.22,14.43,14.21,14.32,48125,False
GF,1/28/15,14.45,14.47,14.04,14.2299,51831,False
GF,1/29/15,14.35,14.63,14.33,14.57,63397,False
GF,1/30/15,14.33,14.33,14.03,14.05,71735,False
GF,2/2/15,14.25,14.27,14.12,14.21,19841,False
GF,2/3/15,14.31,14.42,14.21,14.34,34780,False
GF,2/4/15,14.32,14.32,14.16,14.16,47521,False
GF,2/5/15,14.28,14.58,14.28,14.56,65310,True
GF,2/6/15,14.37,14.49,14.29,14.44,32409,False
GF,2/9/15,14.29,14.38,14.22,14.24,21179,False
GF,2/10/15,14.3,14.33,14.2,14.27,34288,False
GF,2/11/15,14.2,14.3499,14.19,14.24,19488,False
GF,2/12/15,14.41,14.61,14.41,14.5,45666,False
GF,2/13/15,14.56,14.7,14.5,14.7,48504,False
GF,2/17/15,14.7,15.14,14.51,14.74,53726,True
GF,2/18/15,14.75,14.98,14.67,14.84,24133,False
GF,2/19/15,14.79,14.9468,14.71,14.88,26440,False
GF,2/20/15,14.88,15.1,14.83,14.99,32989,False
GF,2/23/15,15.01,15.15,15.01,15.15,65563,False
GF,2/24/15,15.15,15.32,15.15,15.27,74096,False
GF,2/25/15,15.22,15.26,15.2,15.24,27326,False
GF,2/26/15,15.19,15.26,15.19,15.26,24479,False
GF,2/27/15,15.27,15.38,15.27,15.34,51739,False
GF,3/2/15,15.35,15.42,15.35,15.42,62101,False
GF,3/3/15,15.43,15.43,15.336,15.36,44724,False
GF,3/4/15,15.27,15.27,15.155,15.25,37259,False
GF,3/5/15,15.2925,15.31,15.264,15.3,14251,False
GF,3/6/15,15.24,15.24,15.155,15.17,29899,False
GF,3/9/15,15.17,15.22,15.07,15.2,63475,False
GF,3/10/15,15,15.07,14.94,14.9968,37994,False
GF,3/11/15,15.12,15.15,15.07,15.122,59068,False
GF,3/12/15,15.195,15.27,15.178,15.21,20445,False
GF,3/13/15,15.21,15.21,15.1101,15.195,47148,False
GF,3/16/15,15.36,15.52,15.36,15.5199,81251,False
GF,3/17/15,15.44,15.51,15.31,15.42,60193,False
GF,3/18/15,15.2,15.52,15.18,15.49,33033,True
GF,3/19/15,15.3,15.3,15.2,15.25,13740,False
GF,3/20/15,15.55,15.719,15.55,15.57,30082,False
GF,3/23/15,15.66,15.7,15.6,15.65,53576,False
GF,3/24/15,15.69,15.7601,15.65,15.6906,41817,False
GF,3/25/15,15.75,15.77,15.65,15.71,20300,False
GF,3/26/15,15.57,15.6,15.44,15.54,13235,False
GF,3/27/15,15.38,15.49,15.38,15.47,42177,False
GF,3/30/15,15.51,15.61,15.51,15.59,20692,False
GF,3/31/15,15.5,15.504,15.42,15.5,45374,False
GF,4/1/15,15.58,15.69,15.53,15.6,46220,False
GF,4/2/15,15.68,15.7,15.55,15.55,17893,False
GF,4/6/15,15.68,16,15.68,15.95,28836,True
GF,4/7/15,16,16.08,15.9699,16.02,72607,False
GF,4/8/15,16.02,16.02,15.865,15.89,24121,False
GF,4/9/15,15.89,15.9055,15.85,15.8655,7689,False
GF,4/10/15,15.98,15.98,15.874,15.9504,24596,False
GF,4/13/15,15.94,15.94,15.847,15.89,13380,False
GF,4/14/15,15.9,15.92,15.837,15.91,16793,False
GF,4/15/15,16,16.02,15.92,16,49652,False
GF,4/16/15,15.87,15.928,15.8675,15.87,22945,False
GF,4/17/15,15.72,15.8,15.65,15.6849,31531,False
GF,4/20/15,15.75,15.79,15.66,15.74,20307,False
GF,4/21/15,15.92,16.082,15.9,16.02,12747,False
GF,4/22/15,16,16,15.86,15.97,10159,False
GF,4/23/15,15.84,15.95,15.57,15.9,36347,False
GF,4/24/15,15.855,15.97,15.855,15.95,15573,False
GF,4/27/15,16.09,16.27,16.09,16.25,32638,False
GF,4/28/15,16.15,16.15,16.035,16.1,33574,False
GF,4/29/15,15.96,16,15.84,15.93,12756,False
GF,4/30/15,15.94,15.94,15.75,15.81,15200,False
GF,5/1/15,15.95,16.23,15.79,15.84,25352,False
GF,5/4/15,15.95,15.9795,15.78,15.84,10591,False
GF,5/5/15,15.79,15.8399,15.71,15.75,34336,False
GF,5/6/15,15.7,15.76,15.5326,15.76,28362,False
GF,5/7/15,15.7,15.759,15.7,15.7473,16131,False
GF,5/8/15,15.88,15.99,15.88,15.98,6149,False
GF,5/11/15,15.89,16.03,15.87,16.03,36914,False
GF,5/12/15,15.9,15.97,15.9,15.96,34477,False
GF,5/13/15,16,16.03,15.899,15.9132,24124,False
GF,5/14/15,15.88,16.0082,15.75,15.92,21614,False
GF,5/15/15,15.83,15.9,15.76,15.9,33040,False
GF,5/18/15,15.87,15.95,15.86,15.92,10372,False
GF,5/19/15,15.92,15.92,15.82,15.89,24874,False
GF,5/20/15,15.83,15.9,15.77,15.89,12566,False
GF,5/21/15,15.97,16.0352,15.85,16,14077,False
GF,5/22/15,15.91,16.08,15.9,16.04,21332,False
GF,5/26/15,15.82,15.9,15.58,15.7,14728,False
GF,5/27/15,15.65,15.86,15.51,15.75,22332,False
GF,5/28/15,15.727,15.727,15.61,15.68,6977,False
GF,5/29/15,15.6,15.6,15.404,15.56,20389,False
GF,6/1/15,15.5,15.58,15.4,15.53,17379,False
GF,6/2/15,15.51,15.7097,15.51,15.61,15093,False
GF,6/3/15,15.8,15.89,15.7,15.81,11048,False
GF,6/4/15,15.75,15.88,15.644,15.76,21654,False
GF,6/5/15,15.59,15.69,15.52,15.61,8981,False
GF,6/8/15,15.64,15.64,15.0299,15.17,57158,False
GF,6/9/15,15.14,15.29,14.75,14.97,90341,False
GF,6/10/15,15.21,15.43,15.21,15.33,30763,False
GF,6/11/15,15.4001,15.45,15.35,15.4,19070,False
GF,6/12/15,15.22,15.28,15.1,15.26,10549,False
GF,6/15/15,15.06,15.15,14.97,15.1,23454,False
GF,6/16/15,14.99,15.1,14.89,15.01,53938,False
GF,6/17/15,14.97,15.07,14.883,14.93,20467,False
GF,6/18/15,14.93,15.16,14.93,15.06,53713,False
GF,6/19/15,14.96,14.99,14.88,14.99,25739,False
GF,6/22/15,15.34,15.52,15.34,15.46,27369,False
GF,6/23/15,15.41,15.46,15.3317,15.39,18103,False
GF,6/24/15,15.35,15.42,15.31,15.31,22326,False
GF,6/25/15,15.34,15.4299,15.31,15.34,18227,False
GF,6/26/15,15.44,15.62,15.38,15.41,23065,False
GF,6/29/15,15.07,15.2,14.98,15.14,18592,False
GF,6/30/15,15.27,15.27,15.045,15.08,12127,False
GF,7/1/15,15.15,15.37,15.025,15.32,43538,False
GF,7/2/15,15.39,15.6,15.1601,15.2,71577,False
GF,7/6/15,14.93,15.0499,14.89,14.96,20769,False
GF,7/7/15,14.91,14.979,14.73,14.96,14768,False
GF,7/8/15,14.82,14.82,14.55,14.57,17307,False
GF,7/9/15,14.96,14.99,14.87,14.87,18368,False
GF,7/10/15,15.34,15.44,15.21,15.3999,59467,False
GF,7/13/15,15.42,15.42,15.17,15.404,17368,False
GF,7/14/15,15.38,15.45,15.27,15.44,7980,False
GF,7/15/15,15.37,15.5,15.196,15.28,12522,False
GF,7/16/15,15.51,15.574,15.45,15.4728,5641,False
GF,7/17/15,15.45,15.48,15.38,15.48,5512,False
GF,7/20/15,15.58,15.59,15.51,15.53,5888,False
GF,7/21/15,15.6,15.6,15.53,15.538,6875,False
GF,7/22/15,15.47,15.59,15.43,15.54,20960,False
GF,7/23/15,15.399,15.54,15.399,15.45,10163,False
GF,7/24/15,15.49,15.53,15.34,15.42,20697,False
GF,7/27/15,15.34,15.34,14.62,15.153,14282,False
GF,7/28/15,15.18,15.37,15.18,15.33,3763,False
GF,7/29/15,15.35,15.36,15.2,15.29,5459,False
GF,7/30/15,15.22,15.37,15.16,15.32,18753,False
GF,7/31/15,15.35,15.4299,15.3,15.4299,26095,False
GF,8/3/15,15.46,15.572,15.44,15.57,26461,False
GF,8/4/15,15.6,15.792,15.6,15.69,12774,False
GF,8/5/15,15.78,15.93,15.74,15.82,15773,False
GF,8/6/15,15.83,15.89,15.72,15.83,28621,False
GF,8/7/15,15.73,15.75,15.62,15.72,16707,False
GF,8/10/15,15.71,15.81,15.69,15.75,6133,False
GF,8/11/15,15.66,15.6701,15.45,15.605,42435,False
GF,8/12/15,15.5,15.5,15.1535,15.42,21657,False
GF,8/13/15,15.26,15.39,15.26,15.39,13678,False
GF,8/14/15,15.52,15.56,15.5,15.54,23065,False
GF,8/17/15,15.37,15.5599,15.37,15.53,3697,False
GF,8/18/15,15.4411,15.54,15.43,15.51,46849,False
GF,8/19/15,15.38,15.493,15.3401,15.46,4214,False
GF,8/20/15,15.35,15.3501,15.22,15.23,27374,False
GF,8/21/15,15.22,15.23,14.71,14.76,41409,False
GF,8/24/15,13.79,14.4799,13.5,14.29,56820,True
GF,8/25/15,14.99,14.99,14.5,14.55,46085,False
GF,8/26/15,14.81,15.0212,14.8,15,71933,False
GF,8/27/15,14.69,15.08,14.68,14.86,20797,True
GF,8/28/15,14.78,14.87,14.58,14.84,16621,False
GF,8/31/15,14.83,14.96,14.76,14.93,14325,False
GF,9/1/15,14.66,14.84,14.5301,14.62,25199,False
GF,9/2/15,14.8,15,14.67,14.9,20917,False
GF,9/3/15,14.99,15.05,14.77,14.79,15015,False
GF,9/4/15,14.57,14.77,14.57,14.77,10455,False
GF,9/8/15,15.1,15.1,14.81,14.86,18931,False
GF,9/9/15,15.09,15.09,14.86,14.88,8945,False
GF,9/10/15,14.968,15,14.968,15,2885,False
GF,9/11/15,14.98,15,14.86,14.9239,12521,False
GF,9/14/15,14.88,14.89,14.82,14.89,1604,False
GF,9/15/15,14.82,14.99,14.82,14.98,6222,False
GF,9/16/15,14.94,15.01,14.94,15.01,1539,False
GF,9/17/15,14.94,15.14,14.94,15.05,27160,False
GF,9/18/15,14.8,14.92,14.8,14.86,38276,False
GF,9/21/15,14.88,15.18,14.88,14.96,26962,True
GF,9/22/15,14.75,14.75,14.45,14.52,13678,False
GF,9/23/15,14.62,14.62,14.4,14.43,9540,False
GF,9/24/15,14.39,14.64,14.3001,14.48,32793,False
GF,9/25/15,14.61,14.69,14.56,14.61,7375,False
GF,9/28/15,14.54,14.54,14.42,14.42,3102,False
GF,9/29/15,14.46,14.46,14.31,14.37,4278,False
GF,9/30/15,14.66,14.66,14.371,14.41,14058,False
GF,10/1/15,14.41,14.58,14.07,14.45,30554,False
GF,10/2/15,14.4,14.5,14.281,14.5,9461,False
GF,10/5/15,14.64,14.86,14.56,14.86,13344,False
GF,10/6/15,14.86,15.06,14.83,15,10180,False
GF,10/7/15,15.1,15.197,15,15.02,24471,False
GF,10/8/15,14.94,15.2,14.94,15.0401,11940,False
GF,10/9/15,15.24,15.33,15.17,15.33,15308,False
GF,10/12/15,15.25,15.4501,15.184,15.42,22274,False
GF,10/13/15,15.15,15.31,15.15,15.3,10704,False
GF,10/14/15,15.19,15.25,15.027,15.25,4058,False
GF,10/15/15,15.1,15.3528,15.1,15.28,7958,False
GF,10/16/15,15.12,15.262,15.12,15.21,11094,False
GF,10/19/15,15.18,15.2852,15.07,15.07,7059,False
GF,10/20/15,15.13,15.45,15.13,15.21,9963,True
GF,10/21/15,15.278,15.44,15.26,15.3,11216,False
GF,10/22/15,15.3,15.45,15.3,15.42,10765,False
GF,10/23/15,15.52,15.56,15.29,15.38,16513,False
GF,10/26/15,15.45,15.45,15.32,15.36,7515,False
GF,10/27/15,15.32,15.43,15.25,15.39,11651,False
GF,10/28/15,15.41,15.45,15.3,15.36,9605,False
GF,10/29/15,15.44,15.525,15.3,15.3,13295,False
GF,10/30/15,15.47,15.52,15.39,15.5,13943,False
GF,11/2/15,15.61,15.74,15.604,15.64,8326,False
GF,11/3/15,15.57,15.57,15.48,15.56,13277,False
GF,11/4/15,15.44,15.44,15.1,15.39,16829,False
GF,11/5/15,15.4,15.45,15.29,15.44,8875,False
GF,11/6/15,15.28,15.3198,15.225,15.3,5308,False
GF,11/9/15,15.25,15.28,14.82,15.0528,31445,False
GF,11/10/15,14.99,15.0653,14.9635,15.03,11769,False
GF,11/11/15,15.128,15.1563,15.04,15.04,5389,False
GF,11/12/15,14.83,14.936,14.83,14.9,6978,False
GF,11/13/15,14.79,14.79,14.71,14.73,6996,False
GF,11/16/15,14.67,14.86,14.67,14.8101,21741,False
GF,11/17/15,14.97,14.97,14.83,14.87,13101,False
GF,11/18/15,14.95,15.06,14.92,14.98,29725,False
GF,11/19/15,15.11,15.17,15.11,15.11,10073,False
GF,11/20/15,15.16,15.18,15.11,15.16,22177,False
GF,11/23/15,15.16,15.16,14.97,14.97,17189,False
GF,11/24/15,14.85,14.9503,14.8,14.86,7237,False
GF,11/25/15,14.97,15.08,14.97,15.08,4498,False
GF,11/27/15,15.12,15.12,15.03,15.11,2705,False
GF,11/30/15,15.2,15.2,15.15,15.15,10389,False
GF,12/1/15,15.22,15.22,15.16,15.19,8722,False
GF,12/2/15,15.12,15.14,15.104,15.13,20154,False
GF,12/3/15,15.16,15.25,15.04,15.06,6601,False
GF,12/4/15,15.04,15.24,15.04,15.21,13016,False
GF,12/7/15,15.24,15.33,15.22,15.29,23747,False
GF,12/8/15,15.22,15.34,15.21,15.29,18425,False
GF,12/9/15,15.25,15.3599,15.1901,15.1901,8989,False
GF,12/10/15,15.2301,15.2801,15.23,15.25,6975,False
GF,12/11/15,14.99,14.99,14.73,14.79,21857,False
GF,12/14/15,14.77,14.8,14.65,14.73,19208,False
GF,12/15/15,14.86,14.96,14.86,14.92,9415,False
GF,12/16/15,15.02,15.18,15,15.17,10463,False
GF,12/17/15,15.29,15.36,15.1844,15.31,30900,False
GF,12/18/15,15.22,15.22,15.09,15.14,12694,False
GF,12/21/15,15.28,15.28,15.1608,15.21,16260,False
GF,12/22/15,15.03,15.27,15.02,15.27,14435,False
GF,12/23/15,15.3,15.4,15.28,15.36,22607,False
GF,12/24/15,15.26,15.37,15.26,15.37,8143,False
GF,12/28/15,15.23,15.35,15.17,15.32,34706,False
GF,12/29/15,14.61,14.76,14.594,14.63,12916,False
GF,12/30/15,14.57,14.7,14.5,14.59,34568,False
GF,12/31/15,14.6304,14.76,14.618,14.7,9743,False
GF,1/4/16,14.46,14.46,14.1567,14.27,8455,False
GF,1/5/16,14.06,14.64,14.06,14.27,39459,True
GF,1/6/16,14.0688,14.1,14.021,14.04,5431,False
GF,1/7/16,13.77,13.96,13.55,13.6687,40752,False
GF,1/8/16,13.7,13.8,13.53,13.53,6752,False
GF,1/11/16,13.64,13.7,13.53,13.64,22451,False
GF,1/12/16,13.78,13.78,13.46,13.57,8826,False
GF,1/13/16,13.57,13.6193,12.59,13.41,46006,False
GF,1/14/16,13.52,13.69,13.3057,13.57,17368,False
GF,1/15/16,13.15,13.16,12.82,12.83,44806,False
GF,1/19/16,12.9,12.97,12.83,12.87,32008,False
GF,1/20/16,12.71,12.74,12.36,12.62,55307,False
GF,1/21/16,12.55,12.7499,12.43,12.6677,16724,False
GF,1/22/16,12.97,13.1,12.85,12.9615,15648,False
GF,1/25/16,12.92,13.03,12.92,13.01,25485,False
GF,1/26/16,13.05,13.3799,13.05,13.29,13159,True
GF,1/27/16,13.28,13.38,13.075,13.24,23029,False
GF,1/28/16,13.28,13.28,12.96,13.15,17252,False
GF,1/29/16,13.15,13.29,13.03,13.23,13237,False
GF,2/1/16,13.12,13.3301,13.12,13.28,5297,False
GF,2/2/16,13.09,13.2,13.09,13.19,13495,False
GF,2/3/16,13.2,13.31,13.07,13.222,20079,False
GF,2/4/16,13.12,13.2277,13.12,13.22,3004,False
GF,2/5/16,13.2,13.22,13,13,17562,False
GF,2/8/16,12.78,12.78,12.4951,12.6,20276,False
GF,2/9/16,12.24,12.35,12.02,12.29,17197,False
GF,2/10/16,12.43,12.484,12.39,12.4,12559,False
GF,2/11/16,12.28,12.37,12.2006,12.32,8184,False
GF,2/12/16,12.39,12.39,12.244,12.37,7641,False
GF,2/16/16,12.52,12.56,12.46,12.4901,6768,False
GF,2/17/16,12.56,12.94,12.5501,12.94,5505,True
GF,2/18/16,12.96,13.11,12.96,13.03,13351,False
GF,2/19/16,13.01,13.08,12.69,12.87,29684,False
GF,2/22/16,12.96,13.08,12.91,13,34708,False
GF,2/23/16,12.94,12.94,12.898,12.898,26943,False
GF,2/24/16,12.69,12.85,12.67,12.77,22872,False
GF,2/25/16,12.8,12.95,12.79,12.93,10030,False
GF,2/26/16,13.07,13.11,13.06,13.06,10208,False
GF,2/29/16,12.99,13.07,12.875,13.01,23100,False
GF,3/1/16,13.24,13.485,13.24,13.42,17718,False
GF,3/2/16,13.34,13.42,13.34,13.42,8526,False
GF,3/3/16,13.3,13.49,13.3,13.42,8363,False
GF,3/4/16,13.51,13.65,13.43,13.59,14832,False
GF,3/7/16,13.4289,13.53,13.41,13.48,24905,False
GF,3/8/16,13.38,13.4454,13.37,13.4,6783,False
GF,3/9/16,13.39,13.4015,13.37,13.4004,5045,False
GF,3/10/16,13.54,13.56,13.28,13.3408,13427,False
GF,3/11/16,13.51,13.6599,13.51,13.6599,9368,False
GF,3/14/16,13.71,13.78,13.61,13.78,4204,False
GF,3/15/16,13.68,13.71,13.65,13.67,6469,False
GF,3/16/16,13.63,13.81,13.63,13.81,4508,False
GF,3/17/16,13.75,13.8,13.73,13.7989,22518,False
GF,3/18/16,13.8,13.814,13.75,13.77,16232,False
GF,3/21/16,13.76,13.84,13.76,13.8045,4191,False
GF,3/22/16,13.62,13.8132,13.62,13.81,8077,False
GF,3/23/16,13.81,13.8305,13.8,13.8,9475,False
GF,3/24/16,13.64,13.7063,13.64,13.65,14115,False
GF,3/28/16,13.7,13.74,13.66,13.66,9913,False
GF,3/29/16,13.7,13.8,13.7,13.8,1212,False
GF,3/30/16,13.96,14.12,13.92,14.03,26161,False
GF,3/31/16,13.92,14.1379,13.92,14.09,10363,False
GF,4/1/16,13.89,14.05,13.84,14.05,22485,False
GF,4/4/16,14.06,14.1,13.99,13.99,110919,False
GF,4/5/16,13.79,13.79,13.7,13.7,45401,False
GF,4/6/16,13.72,13.86,13.72,13.86,27773,False
GF,4/7/16,13.82,13.82,13.71,13.71,15156,False
GF,4/8/16,13.86,13.9989,13.86,13.9899,14081,False
GF,4/11/16,14.09,14.14,14.09,14.11,23921,False
GF,4/12/16,14.16,14.3167,14.0975,14.2601,24811,False
GF,4/13/16,14.36,14.4,14.34,14.34,29673,False
GF,4/14/16,14.3899,14.39,14.3,14.3,28789,False
GF,4/15/16,14.19,14.29,14.19,14.22,12242,False
GF,4/18/16,14.23,14.27,14.15,14.26,20037,False
GF,4/19/16,14.34,14.5927,14.34,14.52,23225,False
GF,4/20/16,14.47,14.5586,14.47,14.48,14342,False
GF,4/21/16,14.41,14.41,14.291,14.32,16350,False
GF,4/22/16,14.26,14.26,14.12,14.15,10440,False
GF,4/25/16,14.01,14.05,13.98,14.05,21970,False
GF,4/26/16,14.09,14.09,13.986,14.09,23546,False
GF,4/27/16,14.06,14.182,14.06,14.17,7090,False
GF,4/28/16,14.1,14.25,14.09,14.12,23176,False
GF,4/29/16,14.09,14.09,14.04,14.06,10144,False
GF,5/2/16,14.18,14.22,14.17,14.22,7872,False
GF,5/3/16,14.06,14.12,13.9759,14.0701,15816,False
GF,5/4/16,13.98,14.02,13.8,13.99,18713,False
GF,5/5/16,13.9,13.95,13.9,13.9164,7195,False
GF,5/6/16,13.98,14.0001,13.98,14,4598,False
GF,5/9/16,14.07,14.0874,13.94,14.02,18347,False
GF,5/10/16,14.04,14.0715,14.02,14.069,19004,False
GF,5/11/16,14.01,14.0115,14,14.007,3256,False
GF,5/12/16,14.03,14.06,14,14.04,12765,False
GF,5/13/16,13.95,13.99,13.95,13.99,10128,False
GF,5/16/16,13.96,14.0599,13.91,14.0325,21121,False
GF,5/17/16,13.7,13.83,13.59,13.6675,23704,False
GF,5/18/16,13.655,13.69,13.61,13.61,13020,False
GF,5/19/16,13.49,13.49,13.45,13.49,7316,False
GF,5/20/16,13.53,13.55,13.53,13.53,5117,False
GF,5/23/16,13.49,13.55,13.46,13.5035,10775,False
GF,5/24/16,13.45,13.7,13.45,13.65,11235,False
GF,5/25/16,13.65,13.78,13.63,13.71,17320,False
GF,5/26/16,13.78,13.8612,13.71,13.76,20535,False
GF,5/27/16,13.84,13.84,13.73,13.76,5096,False
GF,5/31/16,13.76,13.8316,13.738,13.738,12712,False
GF,6/1/16,13.77,13.7801,13.72,13.73,11866,False
GF,6/2/16,13.7557,13.83,13.74,13.83,4736,False
GF,6/3/16,13.8004,13.89,13.8004,13.8699,3411,False
GF,6/6/16,13.9199,13.9699,13.88,13.95,13435,False
GF,6/7/16,14.05,14.1001,14,14.08,18177,False
GF,6/8/16,14.04,14.09,14.04,14.08,9479,False
GF,6/9/16,13.89,13.95,13.76,13.91,13890,False
GF,6/10/16,13.69,13.69,13.58,13.59,22709,False
GF,6/13/16,13.55,13.55,13.37,13.38,22305,False
GF,6/14/16,13.33,13.33,13.05,13.14,44412,False
GF,6/15/16,13.25,13.28,13.11,13.11,20053,False
GF,6/16/16,13.02,13.1225,12.88,13.11,36521,False
GF,6/17/16,13.07,13.14,13.03,13.14,7290,False
GF,6/20/16,13.41,13.56,13.41,13.48,14152,False
GF,6/21/16,13.66,13.66,13.56,13.56,16959,False
GF,6/22/16,13.46,13.69,13.44,13.57,27530,False
GF,6/23/16,13.79,13.98,13.76,13.953,30145,False
GF,6/24/16,12.95,13.46,12.91,13.02,80188,True
GF,6/27/16,12.88,12.88,12.4501,12.58,100166,False
GF,6/28/16,12.78,12.825,12.51,12.65,37844,False
GF,6/29/16,12.71,12.92,12.71,12.84,36531,False
GF,6/30/16,12.85,13.28,12.83,13.28,14386,True
GF,7/1/16,13.05,13.1902,13.05,13.15,25021,False
GF,7/5/16,13.09,13.09,12.94,12.96,13955,False
GF,7/6/16,12.68,12.82,12.66,12.8,20398,False
GF,7/7/16,12.73,12.8,12.65,12.76,14576,False
GF,7/8/16,12.92,12.99,12.9118,12.95,10448,False
GF,7/11/16,13.07,13.162,13.06,13.11,12796,False
GF,7/12/16,13.3,13.3759,13.26,13.26,13092,False
GF,7/13/16,13.33,13.33,13.23,13.27,31316,False
GF,7/14/16,13.42,13.4697,13.42,13.44,5326,False
GF,7/15/16,13.35,13.42,13.35,13.42,8371,False
GF,7/18/16,13.44,13.44,13.33,13.38,19049,False
GF,7/19/16,13.31,13.42,13.29,13.42,48524,False
GF,7/20/16,13.59,13.6973,13.59,13.63,28809,False
GF,7/21/16,13.51,13.66,13.51,13.58,11784,False
GF,7/22/16,13.61,13.68,13.61,13.67,3730,False
GF,7/25/16,13.69,13.69,13.56,13.65,8388,False
GF,7/26/16,13.65,13.73,13.65,13.73,1695,False
GF,7/27/16,13.82,13.865,13.75,13.79,30384,False
GF,7/28/16,13.75,13.87,13.75,13.85,44783,False
GF,7/29/16,13.91,13.9701,13.86,13.97,30057,False
GF,8/1/16,13.94,14,13.94,13.95,13889,False
GF,8/2/16,13.9,13.9,13.81,13.81,23120,False
GF,8/3/16,13.78,13.82,13.78,13.8,11039,False
GF,8/4/16,13.78,13.845,13.78,13.8301,9287,False
GF,8/5/16,13.8401,13.9221,13.8401,13.8701,12981,False
GF,8/8/16,13.92,13.93,13.86,13.89,7419,False
GF,8/9/16,13.98,14.15,13.98,14.14,24364,False
GF,8/10/16,14.18,14.18,14.14,14.14,15131,False
GF,8/11/16,14.18,14.27,14.18,14.25,19867,False
GF,8/12/16,14.27,14.2899,14.26,14.27,13270,False
GF,8/15/16,14.26,14.36,14.26,14.3324,17860,False
GF,8/16/16,14.34,14.34,14.33,14.33,9255,False
GF,8/17/16,14.24,14.28,14.17,14.28,38665,False
GF,8/18/16,14.28,14.34,14.26,14.34,28249,False
GF,8/19/16,14.28,14.32,14.25,14.3001,6396,False
GF,8/22/16,14.27,14.3,14.215,14.29,3731,False
GF,8/23/16,14.35,14.43,14.35,14.415,4141,False
GF,8/24/16,14.44,14.44,14.4,14.4,9347,False
GF,8/25/16,14.3,14.3399,14.26,14.26,13006,False
GF,8/26/16,14.31,14.37,14.02,14.1799,32249,False
GF,8/29/16,14.13,14.265,14.13,14.24,17412,False
GF,8/30/16,14.24,14.29,14.24,14.26,6268,False
GF,8/31/16,14.2,14.26,14.16,14.26,16320,False
GF,9/1/16,14.22,14.22,14.12,14.2,11786,False
GF,9/2/16,14.28,14.308,14.28,14.301,16432,False
GF,9/6/16,14.29,14.3599,14.2069,14.34,12658,False
GF,9/7/16,14.4,14.4799,14.4,14.46,2876,False
GF,9/8/16,14.34,14.39,14.3,14.38,9616,False
GF,9/9/16,14.28,14.28,14.12,14.12,20012,False
GF,9/12/16,13.94,14.1593,13.94,14.15,10720,False
GF,9/13/16,13.98,14.0005,13.91,13.97,13269,False
GF,9/14/16,13.99,14.04,13.97,14.005,13769,False
GF,9/15/16,13.98,14.1161,13.97,14.08,13010,False
GF,9/16/16,13.99,13.99,13.77,13.89,14659,False
GF,9/19/16,13.91,14,13.84,13.94,128887,False
GF,9/20/16,14.01,14.1,13.99,14.06,24502,False
GF,9/21/16,14.12,14.13,13.98,14.06,40160,False
GF,9/22/16,14.24,14.38,14.24,14.31,11577,False
GF,9/23/16,14.29,14.3,14.27,14.27,22522,False
GF,9/26/16,14.19,14.19,13.771,14.08,31677,False
GF,9/27/16,13.99,14.03,13.96,13.99,32437,False
GF,9/28/16,14.08,14.1899,14.08,14.16,10779,False
GF,9/29/16,14.14,14.19,13.95,14.02,29438,False
GF,9/30/16,14.1,14.38,14.1,14.35,20293,False
GF,10/3/16,14.32,14.32,14.195,14.28,10066,False
GF,10/4/16,14.27,14.31,14.21,14.23,33898,False
GF,10/5/16,14.26,14.305,14.26,14.305,5575,False
GF,10/6/16,14.22,14.2449,14.04,14.1501,92264,False
GF,10/7/16,14.19,14.22,14.08,14.12,67768,False
GF,10/10/16,14.11,14.23,14.11,14.22,3419,False
GF,10/11/16,14.11,14.114,14.03,14.05,14826,False
GF,10/12/16,13.96,13.96,13.85,13.92,26776,False
GF,10/13/16,13.78,13.78,13.73,13.77,11668,False
GF,10/14/16,13.86,13.8903,13.77,13.79,12033,False
GF,10/17/16,13.77,13.79,13.683,13.71,19962,False
GF,10/18/16,13.88,13.88,13.81,13.8114,11792,False
GF,10/19/16,13.8184,13.83,13.81,13.83,14508,False
GF,10/20/16,13.77,13.88,13.77,13.88,14278,False
GF,10/21/16,13.65,13.75,13.63,13.75,17781,False
GF,10/24/16,13.76,13.76,13.71,13.71,5800,False
GF,10/25/16,13.66,13.71,13.66,13.704,15728,False
GF,10/26/16,13.61,13.61,13.56,13.58,10478,False
GF,10/27/16,13.66,13.66,13.57,13.57,5278,False
GF,10/28/16,13.52,13.67,13.47,13.67,7084,False
GF,10/31/16,13.58,13.62,13.51,13.57,10491,False
GF,11/1/16,13.58,13.6,13.53,13.54,16047,False
GF,11/2/16,13.49,13.49,13.37,13.4,7872,False
GF,11/3/16,13.4,13.42,13.2809,13.39,36510,False
GF,11/4/16,13.42,13.42,13.3,13.37,18334,False
GF,11/7/16,13.38,13.7762,13.37,13.49,30130,True
GF,11/8/16,13.42,13.53,13.42,13.5,15119,False
GF,11/9/16,13.47,13.54,13.3313,13.54,13765,False
GF,11/10/16,13.63,13.63,13.34,13.34,15005,False
GF,11/11/16,13.34,13.341,13.25,13.2899,20947,False
GF,11/14/16,13.19,13.19,12.96,13.02,23381,False
GF,11/15/16,12.93,13.07,12.93,13,19636,False
GF,11/16/16,12.95,13.025,12.92,12.94,15475,False
GF,11/17/16,12.9106,12.95,12.9,12.9177,15581,False
GF,11/18/16,12.96,12.96,12.9,12.91,8345,False
GF,11/21/16,12.9,12.96,12.9,12.93,18215,False
GF,11/22/16,13.06,13.06,12.975,13.0287,15285,False
GF,11/23/16,12.86,12.9699,12.8368,12.95,23137,False
GF,11/25/16,12.95,13.0101,12.95,13.01,11436,False
GF,11/28/16,13.0499,13.0499,12.964,13.03,27131,False
GF,11/29/16,13.03,13.03,12.946,13,66702,False
GF,11/30/16,13.05,13.09,13.02,13.06,83174,False
GF,12/1/16,13.15,13.15,13,13.02,13689,False
GF,12/2/16,12.9624,13.04,12.87,12.97,37181,False
GF,12/5/16,13.08,13.12,13,13.01,97276,False
GF,12/6/16,13.06,13.12,13.04,13.04,208027,False
GF,12/7/16,13.2,13.3699,13.1501,13.33,180077,False
GF,12/8/16,13.39,13.39,13.33,13.35,38138,False
GF,12/9/16,13.33,13.37,13.33,13.3599,30739,False
GF,12/12/16,13.36,13.3653,13.35,13.3532,19501,False
GF,12/13/16,13.41,13.5366,13.41,13.5,57434,False
GF,12/14/16,13.48,13.52,13.42,13.43,33535,False
GF,12/15/16,13.43,13.4686,13.38,13.46,44314,False
GF,12/16/16,13.52,13.52,13.44,13.45,19773,False
GF,12/19/16,13.46,13.47,13.39,13.39,18908,False
GF,12/20/16,13.4304,13.45,13.4,13.421,42761,False
GF,12/21/16,13.41,13.51,13.41,13.46,18189,False
GF,12/22/16,13.51,13.52,13.48,13.52,17243,False
GF,12/23/16,13.57,13.62,13.54,13.62,26886,False
GF,12/27/16,13.73,13.73,13.6,13.62,38880,False
GF,12/28/16,12.91,12.93,12.77,12.9,67939,False
GF,12/29/16,12.92,12.982,12.92,12.97,36055,False
GF,12/30/16,13.03,13.1,13.03,13.07,27537,False
GF,1/3/17,13.13,13.13,13.06,13.08,32872,False
GF,1/4/17,13.13,13.15,13.09,13.14,16646,False
GF,1/5/17,13.1301,13.26,13.1301,13.22,14938,False
GF,1/6/17,13.2,13.27,13.18,13.27,19829,False
GF,1/9/17,13.18,13.255,13.17,13.25,14349,False
GF,1/10/17,13.29,13.3,13.28,13.28,15022,False
GF,1/11/17,13.3,13.38,13.26,13.36,14592,False
GF,1/12/17,13.37,13.3784,13.29,13.32,30511,False
GF,1/13/17,13.42,13.48,13.42,13.47,12205,False
GF,1/17/17,13.47,13.475,13.44,13.47,11317,False
GF,1/18/17,13.5,13.54,13.485,13.51,24331,False
GF,1/19/17,13.51,13.53,13.51,13.53,7511,False
GF,1/20/17,13.47,13.63,13.47,13.6,7720,False
GF,1/23/17,13.58,13.62,13.56,13.61,9371,False
GF,1/24/17,13.67,13.69,13.67,13.68,12169,False
GF,1/25/17,13.84,13.938,13.74,13.91,15048,False
GF,1/26/17,13.82,13.84,13.79,13.84,14817,False
GF,1/27/17,13.8,13.84,13.78,13.84,15554,False
GF,1/30/17,13.74,13.79,13.668,13.77,21145,False
GF,1/31/17,13.7,13.76,13.7,13.74,23995,False
GF,2/1/17,13.84,13.84,13.78,13.8,9181,False
GF,2/2/17,13.77,13.8,13.7324,13.75,9216,False
GF,2/3/17,13.8,13.8507,13.785,13.85,35136,False
GF,2/6/17,13.69,13.69,13.62,13.62,13713,False
GF,2/7/17,13.6,13.65,13.58,13.65,10870,False
GF,2/8/17,13.62,13.6999,13.6101,13.6504,3416,False
GF,2/9/17,13.72,13.7479,13.7,13.74,10183,False
GF,2/10/17,13.77,13.79,13.7013,13.79,2973,False
GF,2/13/17,13.83,13.88,13.82,13.83,35089,False
GF,2/14/17,13.85,13.88,13.84,13.88,18685,False
GF,2/15/17,13.77,13.91,13.7,13.91,26957,False
GF,2/16/17,13.87,13.92,13.8508,13.89,9919,False
GF,2/17/17,13.9,13.91,13.83,13.83,6731,False
GF,2/21/17,13.8,13.95,13.8,13.92,13843,False
GF,2/22/17,13.9401,14.03,13.93,14.03,10783,False
GF,2/23/17,14.03,14.06,14,14.06,19717,False
GF,2/24/17,13.95,13.99,13.87,13.95,29186,False
GF,2/27/17,13.95,14,13.9301,13.98,13660,False
GF,2/28/17,13.96,14.085,13.96,14.05,11982,False
GF,3/1/17,14.28,14.28,14.14,14.15,18112,False
GF,3/2/17,14.08,14.093,14.04,14.04,8514,False
GF,3/3/17,14.0801,14.13,14.0801,14.13,10381,False
GF,3/6/17,14.06,14.06,13.98,14.01,11099,False
GF,3/7/17,13.97,14.117,13.97,14.06,10577,False
GF,3/8/17,14,14.2599,14,14.06,31580,False
GF,3/9/17,14.09,14.13,14.08,14.0993,9086,False
GF,3/10/17,14.21,14.21,14.09,14.09,18092,False
GF,3/13/17,14.12,14.1512,14.1,14.11,8833,False
GF,3/14/17,14.06,14.1499,14.06,14.1,6457,False
GF,3/15/17,14.13,14.2,14.11,14.1989,13483,False
GF,3/16/17,14.2,14.24,14.18,14.22,55967,False
GF,3/17/17,14.21,14.26,14.15,14.26,92768,False
GF,3/20/17,14.18,14.2901,14.18,14.29,23479,False
GF,3/21/17,14.32,14.48,14.32,14.35,52100,False
GF,3/22/17,14.27,14.2841,14.2135,14.27,26112,False
GF,3/23/17,14.24,14.43,14.235,14.43,47962,False
GF,3/24/17,14.34,14.55,14.34,14.5,33977,False
GF,3/27/17,14.25,14.557,14.25,14.55,6298,True
GF,3/28/17,14.55,14.692,14.55,14.67,16608,False
GF,3/29/17,14.6102,14.71,14.6102,14.69,37201,False
GF,3/30/17,14.6,14.67,14.576,14.66,18104,False
GF,3/31/17,14.72,14.78,14.7,14.77,14587,False
GF,4/3/17,14.74,14.8,14.6714,14.77,18688,False
GF,4/4/17,14.66,14.72,14.66,14.72,3247,False
GF,4/5/17,14.67,14.77,14.67,14.7103,8458,False
GF,4/6/17,14.7,14.78,14.69,14.78,11395,False
GF,4/7/17,14.7471,14.86,14.7471,14.86,14330,False
GF,4/10/17,14.86,14.941,14.86,14.91,22904,False
GF,4/11/17,14.96,14.98,14.89,14.94,43351,False
GF,4/12/17,14.93,14.98,14.916,14.97,22260,False
GF,4/13/17,14.89,14.98,14.89,14.96,17755,False
GF,4/17/17,14.938,14.98,14.9311,14.9311,3092,False
GF,4/18/17,14.98,14.98,14.89,14.89,22149,False
GF,4/19/17,14.82,14.89,14.7,14.8235,9935,False
GF,4/20/17,14.77,14.91,14.77,14.88,18196,False
GF,4/21/17,14.96,14.96,14.81,14.81,24038,False
GF,4/24/17,15.14,15.36,15.01,15.36,36427,False
GF,4/25/17,15.37,15.63,15.36,15.58,49808,False
GF,4/26/17,15.77,15.77,15.49,15.54,51991,False
GF,4/27/17,15.52,15.59,15.47,15.59,10402,False
GF,4/28/17,15.61,15.67,15.5995,15.64,9539,False
GF,5/1/17,15.82,15.82,15.67,15.76,24618,False
GF,5/2/17,15.86,15.86,15.7503,15.78,9320,False
GF,5/3/17,15.78,15.87,15.78,15.8492,11307,False
GF,5/4/17,15.9,16,15.9,16,47385,False
GF,5/5/17,16.16,16.27,16.0716,16.18,41377,False
GF,5/8/17,16.1,16.164,16.0746,16.14,32082,False
GF,5/9/17,16.15,16.17,16.12,16.12,12486,False
GF,5/10/17,16.1184,16.1184,16.08,16.08,9213,False
GF,5/11/17,15.98,16.05,15.97,16.05,28781,False
GF,5/12/17,16.01,16.08,16.01,16.08,27169,False
GF,5/15/17,16.23,16.24,16.19,16.23,7149,False
GF,5/16/17,16.34,16.4,16.335,16.4,13951,False
GF,5/17/17,16.34,16.34,16.18,16.26,18869,False
GF,5/18/17,16.14,16.18,16.13,16.15,14408,False
GF,5/19/17,16.26,16.38,16.24,16.38,18455,False
GF,5/22/17,16.5,16.5,16.44,16.45,19604,False
GF,5/23/17,16.44,16.49,16.41,16.44,36920,False
GF,5/24/17,16.42,16.445,16.36,16.44,27109,False
GF,5/25/17,16.4359,16.55,16.4359,16.55,20352,False
GF,5/26/17,16.31,16.51,16.31,16.51,7816,False
GF,5/30/17,16.48,16.69,16.48,16.69,21386,False
GF,5/31/17,16.72,16.75,16.68,16.73,15874,False
GF,6/1/17,16.67,16.81,16.67,16.75,25105,False
GF,6/2/17,16.98,16.98,16.84,16.9599,54537,False
GF,6/5/17,16.86,17.04,16.86,16.98,23901,False
GF,6/6/17,16.89,16.94,16.7,16.94,21805,False
GF,6/7/17,17,17,16.88,16.92,8400,False
GF,6/8/17,16.82,16.91,16.82,16.9,16962,False
GF,6/9/17,16.78,16.8747,16.78,16.8,36041,False
GF,6/12/17,16.46,16.74,15.85,16.71,27774,False
GF,6/13/17,16.66,16.7658,16.66,16.7658,8201,False
GF,6/14/17,16.85,16.85,16.78,16.78,16475,False
GF,6/15/17,16.59,16.6476,16.5,16.63,17557,False
GF,6/16/17,16.6,16.6885,16.6,16.68,8284,False
GF,6/19/17,16.8,16.85,16.7698,16.84,16218,False
GF,6/20/17,16.71,16.85,16.6798,16.85,20073,False
GF,6/21/17,16.81,16.82,16.76,16.78,10622,False
GF,6/22/17,16.7861,16.83,16.771,16.7834,11836,False
GF,6/23/17,16.75,16.8164,16.75,16.77,3116,False
GF,6/26/17,16.82,16.85,16.75,16.75,20852,False
GF,6/27/17,16.7791,16.825,16.7791,16.82,16075,False
GF,6/28/17,16.79,16.8103,16.78,16.8103,11407,False
GF,6/29/17,16.7,16.76,16.6006,16.63,12704,False
GF,6/30/17,16.63,16.77,16.61,16.63,10731,False
GF,7/3/17,16.73,16.73,16.67,16.68,7861,False
GF,7/5/17,16.53,16.75,16.53,16.659,13797,False
GF,7/6/17,16.62,16.74,16.6,16.67,36356,False
GF,7/7/17,16.7,16.79,16.695,16.77,19705,False
GF,7/10/17,16.7461,16.78,16.7461,16.78,3256,False
GF,7/11/17,16.85,16.92,16.82,16.9,17500,False
GF,7/12/17,16.92,17,16.92,16.98,19665,False
GF,7/13/17,16.99,17.15,16.99,17.11,12624,False
GF,7/14/17,17.105,17.27,17.105,17.25,11711,False
GF,7/17/17,17.19,17.23,17.1049,17.2,9145,False
GF,7/18/17,17.16,17.295,17.16,17.26,10007,False
GF,7/19/17,17.27,17.27,17.2475,17.27,5214,False
GF,7/20/17,17.27,17.29,17.25,17.2626,13023,False
GF,7/21/17,17.1,17.12,16.9855,17.06,24164,False
GF,7/24/17,16.96,17.08,16.96,17.05,10128,False
GF,7/25/17,17.11,17.149,17.06,17.06,8888,False
GF,7/26/17,17.11,17.21,17.11,17.16,34534,False
GF,7/27/17,17.1761,17.19,17.0901,17.1322,22608,False
GF,7/28/17,17.17,17.26,17.1601,17.2392,15957,False
GF,7/31/17,17.23,17.27,17.2,17.22,24131,False
GF,8/1/17,17.35,17.42,17.35,17.4007,19119,False
GF,8/2/17,17.47,17.52,17.45,17.49,18796,False
GF,8/3/17,17.49,17.5499,17.33,17.48,21751,False
GF,8/4/17,17.59,17.6,17.4801,17.6,10124,False
GF,8/7/17,17.5737,17.5737,17.549,17.56,6512,False
GF,8/8/17,17.49,17.6599,17.49,17.57,16392,False
GF,8/9/17,17.41,17.42,17.36,17.38,15743,False
GF,8/10/17,17.24,17.24,16.9,16.9,24512,False
GF,8/11/17,17.06,17.15,17.06,17.0987,18586,False
GF,8/14/17,17.21,17.3587,17.21,17.3,29576,False
GF,8/15/17,17.25,17.3,17.176,17.3,6000,False
GF,8/16/17,17.339,17.339,17.276,17.3,11292,False
GF,8/17/17,17.11,17.24,17.11,17.2,6943,False
GF,8/18/17,17.24,17.37,17.24,17.3,12600,False
